{"metadata": {"id": "141366db-fb52-4b73-9f78-4b6b805f66f2", "time": "13/10/2022 16h49"}, "predictions": [{"confidence": 0.7310891151428223, "class": {"id": 0, "name": "crack"}, "box": {"xmin": 339.2956848144531, "ymin": 182.73582458496094, "xmax": 740.359619140625, "ymax": 304.9857177734375}}, {"confidence": 0.2799302041530609, "class": {"id": 0, "name": "crack"}, "box": {"xmin": 213.19522094726562, "ymin": 213.86355590820312, "xmax": 591.2899169921875, "ymax": 308.9596862792969}}]}